https://www.linkedin.com/pub/lewis-ellis/59/87a/b67?trk=pub-pbmap,https://media.licdn.com/mpr/mpr/shrinknp_400_400/AAEAAQAAAAAAAAICAAAAJGIzM2VjOTc4LWU1MGYtNDg4Zi1hNTkwLTE5YWJhODc2ZjdiNA.jpg
https://www.linkedin.com/pub/neha-goyal/31/776/99a?trk=pub-pbmap,https://media.licdn.com/mpr/mpr/shrinknp_400_400/p/8/005/049/177/0a8fbed.jpg
https://www.linkedin.com/pub/kristen-gorbell/15/388/290?trk=pub-pbmap,https://media.licdn.com/media/p/7/005/040/1e7/1fabc16.jpg
https://in.linkedin.com/in/deepaksharma1310,https://media.licdn.com/mpr/mpr/shrinknp_400_400/AAEAAQAAAAAAAAEiAAAAJGI4Yzg1YjQ2LWNmMzctNGZhNi05ZmZhLTQ2Y2UwZTQ1YjFkZg.jpg
https://www.linkedin.com/pub/larry-fan/53/781/570?trk=pub-pbmap,https://media.licdn.com/mpr/mpr/shrinknp_400_400/p/7/005/088/30f/22452ad.jpg
https://www.linkedin.com/pub/arun-jeedigunta/7/554/946?trk=pub-pbmap,https://media.licdn.com/mpr/mpr/shrinknp_400_400/p/6/000/242/386/1237328.jpg
https://www.linkedin.com/pub/jeff-hood/1/54/1?trk=pub-pbmap,https://media.licdn.com/media/p/1/000/067/3d0/27ebc3f.jpg
https://www.linkedin.com/pub/abhishek-paliwal/59/937/b38?trk=pub-pbmap,https://media.licdn.com/mpr/mpr/shrinknp_400_400/p/5/000/2cf/137/36f44c3.jpg
https://www.linkedin.com/pub/katherine-harlander-locke-mba/4/926/4a9?trk=pub-pbmap,https://media.licdn.com/media/p/2/000/079/074/08561d3.jpg
https://www.linkedin.com/pub/geoffrey-vedernikoff/49/144/714?trk=pub-pbmap,https://media.licdn.com/mpr/mpr/shrinknp_400_400/p/8/000/271/305/15a36ae.jpg
https://www.linkedin.com/pub/qasar-younis/15/8a3/b82?trk=pub-pbmap,https://media.licdn.com/mpr/mpr/shrinknp_400_400/p/8/005/093/1c8/3598928.jpg
https://www.linkedin.com/pub/michael-sha/45/705/b2?trk=pub-pbmap,https://media.licdn.com/mpr/mpr/shrinknp_400_400/AAEAAQAAAAAAAAOAAAAAJDM3MGViYjkyLTNlNzktNDlhNi1iZGI3LTA3Y2QxMGVjZDAyOA.jpg
https://www.linkedin.com/pub/rafe-kettler/63/191/193?trk=pub-pbmap,https://media.licdn.com/mpr/mpr/shrinknp_400_400/p/2/000/253/359/2881479.jpg
https://www.linkedin.com/pub/brandon-krieger/4b/b07/a27?trk=pub-pbmap,https://media.licdn.com/mpr/mpr/shrinknp_400_400/p/4/000/163/0c7/14dfcdb.jpg
https://www.linkedin.com/pub/suma-koralgundi/1b/563/2a5?trk=pub-pbmap,https://media.licdn.com/mpr/mpr/shrinknp_400_400/p/1/000/1a3/225/286ec61.jpg
https://www.linkedin.com/pub/alexzandra-shelton/43/a41/244?trk=pub-pbmap,https://media.licdn.com/mpr/mpr/shrinknp_400_400/p/1/005/009/10a/1b21cd7.jpg
https://www.linkedin.com/pub/kelly-giusti/7/523/225?trk=pub-pbmap,https://media.licdn.com/mpr/mpr/shrinknp_400_400/AAEAAQAAAAAAAAJ8AAAAJDQxMWY5YzM2LTIxZmQtNDVlZS1iOWEyLTg5ZDA2OGFiNjY4Ng.jpg
https://www.linkedin.com/pub/siddharth-shandilya/45/3b3/204?trk=pub-pbmap,https://media.licdn.com/mpr/mpr/shrinknp_400_400/AAEAAQAAAAAAAAL5AAAAJGM5ODE5ZTljLTcxN2QtNGI3YS1hMDY0LTFhYjhiZjQ4NzE1Yg.jpg
https://www.linkedin.com/pub/stephanie-weiner/26/302/949?trk=pub-pbmap,https://media.licdn.com/media/p/4/005/07e/3fc/20d16f5.jpg
https://www.linkedin.com/pub/hoan-tchen-mba/2/920/880?trk=pub-pbmap,https://media.licdn.com/mpr/mpr/shrinknp_400_400/AAEAAQAAAAAAAAJ1AAAAJGJiOTA4N2E5LTdjYWUtNDRmYi04ZmEwLWJhMDQxZDJkNDhlMQ.jpg
https://www.linkedin.com/pub/vidur-goyal/17/144/232?trk=pub-pbmap,https://media.licdn.com/mpr/mpr/shrinknp_400_400/p/7/005/095/3b3/182668e.jpg
https://www.linkedin.com/pub/potluck-mittal/26/a80/b3?trk=pub-pbmap,https://media.licdn.com/mpr/mpr/shrinknp_400_400/p/8/005/09c/2b2/1a427a9.jpg
https://www.linkedin.com/pub/daniel-delos/92/377/6b0,https://media.licdn.com/mpr/mpr/shrinknp_400_400/AAEAAQAAAAAAAAJYAAAAJDc3NzJlMDAyLTc1MWMtNDY3MC04MjFkLWU3NWRmMDE0ZGY3ZQ.jpg
https://www.linkedin.com/pub/matt-saxe/0/5a4/995?trk=pub-pbmap,https://media.licdn.com/mpr/mpr/shrinknp_400_400/p/1/005/040/3b5/1ca8b35.jpg
https://www.linkedin.com/pub/abhishek-kona/a/284/3a?trk=pub-pbmap,https://media.licdn.com/media/p/2/000/01a/328/08a77a4.jpg
https://www.linkedin.com/pub/purav-shah/30/355/b34?trk=pub-pbmap,https://media.licdn.com/mpr/mpr/shrinknp_400_400/p/4/000/17e/20f/2c58ad9.jpg
https://www.linkedin.com/pub/brandon-miranda/13/51/b49?trk=pub-pbmap,https://media.licdn.com/mpr/mpr/shrinknp_400_400/p/6/005/05f/193/30fc635.jpg
https://www.linkedin.com/pub/caitlin-smith/46/aaa/29b?trk=pub-pbmap,https://media.licdn.com/mpr/mpr/shrinknp_400_400/AAEAAQAAAAAAAAKCAAAAJDRhZGYxMmI1LTQzOTEtNDQ2Ni1hYzhkLTM5MjZlNWJhNmM2MA.jpg
https://www.linkedin.com/pub/stephen-cognetta/32/578/940?trk=pub-pbmap,https://media.licdn.com/mpr/mpr/shrinknp_400_400/p/2/005/04b/25c/3d5acfe.jpg
https://www.linkedin.com/pub/rachel-provosty-sheriff/1/716/739?trk=pub-pbmap,https://media.licdn.com/mpr/mpr/shrinknp_400_400/p/7/005/049/217/19760d5.jpg
https://www.linkedin.com/pub/richard-skardon/2/577/6bb?trk=pub-pbmap,https://media.licdn.com/mpr/mpr/shrinknp_400_400/p/6/000/1b3/185/2236e65.jpg
https://www.linkedin.com/pub/cheryl-donahue/1/2ba/6b9?trk=pub-pbmap,https://media.licdn.com/mpr/mpr/shrinknp_400_400/p/5/005/05f/238/0f89f8f.jpg
https://www.linkedin.com/pub/yanu-gupta/18/23a/4b1?trk=pub-pbmap,https://media.licdn.com/mpr/mpr/shrinknp_400_400/p/3/000/0f4/2ef/0d7545b.jpg
https://www.linkedin.com/pub/daniel-keegan/14/7b2/583?trk=pub-pbmap,https://media.licdn.com/mpr/mpr/shrinknp_400_400/p/4/000/166/148/187e9f4.jpg
https://www.linkedin.com/pub/yiwen-zhan/b/652/a94?trk=pub-pbmap,https://media.licdn.com/mpr/mpr/shrinknp_400_400/p/3/000/0f6/1f2/143beb9.jpg
https://www.linkedin.com/pub/stephen-roquemore/38/553/652?trk=pub-pbmap,https://media.licdn.com/mpr/mpr/shrinknp_400_400/p/5/000/23f/324/394327f.jpg
https://www.linkedin.com/pub/esha-palta/6/791/223?trk=pub-pbmap,https://media.licdn.com/mpr/mpr/shrinknp_400_400/p/4/000/145/30a/2c84740.jpg
https://www.linkedin.com/pub/anna-khan/3/6a7/446?trk=pub-pbmap,https://media.licdn.com/mpr/mpr/shrinknp_400_400/p/8/005/097/38b/2320d1d.jpg
https://www.linkedin.com/pub/praveen-krishnamurthy/5/131/6a1?trk=pub-pbmap,https://media.licdn.com/mpr/mpr/shrinknp_400_400/p/4/000/170/334/3cf18fd.jpg
https://www.linkedin.com/pub/arun-dobriyal/18/599/2a1?trk=pub-pbmap,https://media.licdn.com/mpr/mpr/shrinknp_400_400/p/5/005/0b7/340/3523609.jpg
https://www.linkedin.com/pub/gerard-koshy/2/163/16b?trk=pub-pbmap,https://media.licdn.com/media/p/8/000/1c8/0fe/2aac8d7.jpg
https://www.linkedin.com/pub/natalie-felix/8/756/b18?trk=pub-pbmap,https://media.licdn.com/mpr/mpr/shrinknp_400_400/AAEAAQAAAAAAAAGlAAAAJGE5OTUzNzg5LWI5MzMtNGNkYS04N2IxLTc4MDAxMmY1ZTFjNA.jpg
https://www.linkedin.com/pub/michael-jozaitis/4/6b8/746?trk=pub-pbmap,https://media.licdn.com/mpr/mpr/shrinknp_400_400/AAEAAQAAAAAAAAOCAAAAJDFiNzAyYzlhLTZiN2ItNGI3Zi04OWY0LWJlMTNmZjY0OGFkMg.jpg
https://www.linkedin.com/pub/akshay-varik/50/b47/23b?trk=pub-pbmap,https://media.licdn.com/mpr/mpr/shrinknp_400_400/AAEAAQAAAAAAAAI2AAAAJDBiOWE4ZGM1LWU4YzktNDE2ZC1hY2FlLTZjYzVhNTJhODM0ZA.jpg
https://www.linkedin.com/in/kellygiusti,https://media.licdn.com/mpr/mpr/shrinknp_400_400/AAEAAQAAAAAAAAJ8AAAAJDQxMWY5YzM2LTIxZmQtNDVlZS1iOWEyLTg5ZDA2OGFiNjY4Ng.jpg
https://www.linkedin.com/pub/scott-benson/11/4a6/437?trk=pub-pbmap,https://media.licdn.com/media/p/7/000/1bd/0c4/212c1a3.jpg
https://www.linkedin.com/pub/seema-suresh/55/63a/b68?trk=pub-pbmap,https://media.licdn.com/mpr/mpr/shrinknp_400_400/p/7/005/0a4/311/35c8327.jpg
https://www.linkedin.com/pub/prasoon-mishra/a/a92/823,https://media.licdn.com/mpr/mpr/shrinknp_400_400/p/2/000/24b/234/1abfb55.jpg
https://www.linkedin.com/pub/deepan-gupta/96/6a7/291?trk=pub-pbmap,https://media.licdn.com/mpr/mpr/shrinknp_400_400/p/2/005/06d/3fb/212d6b7.jpg
https://www.linkedin.com/pub/alan-tunit/16/83/685?trk=pub-pbmap,https://media.licdn.com/mpr/mpr/shrinknp_400_400/p/3/000/23c/041/11d3bce.jpg
https://www.linkedin.com/pub/daniel-delos/4/831/253?trk=pub-pbmap,https://media.licdn.com/mpr/mpr/shrinknp_400_400/p/1/005/094/024/1f0fa3d.jpg
https://www.linkedin.com/pub/elie-javice/27/b33/430?trk=pub-pbmap,https://media.licdn.com/mpr/mpr/shrinknp_400_400/AAEAAQAAAAAAAAOWAAAAJGVmYTAxMmRkLTZmY2ItNGViZS1iOGJiLTcwMjdhZWU5Zjc3Nw.jpg
https://www.linkedin.com/in/rachelhocevar,https://media.licdn.com/mpr/mpr/shrinknp_400_400/p/6/005/064/0b2/21b2f02.jpg
https://www.linkedin.com/pub/nicole-barragan/a/5b3/b20?trk=pub-pbmap,https://media.licdn.com/media/p/3/000/054/2c6/11c72a6.jpg
https://www.linkedin.com/pub/addhyan-pandey/30/a9/2a0?trk=pub-pbmap,https://media.licdn.com/mpr/mpr/shrinknp_400_400/p/5/000/22c/310/328af27.jpg
https://www.linkedin.com/pub/cat-nunnery/42/819/79b?trk=pub-pbmap,https://media.licdn.com/mpr/mpr/shrinknp_400_400/AAEAAQAAAAAAAAOXAAAAJGI5ZDE3MGRlLWIyNTAtNDkyYi04ZTI4LWY1NzdmODZmYjIwOQ.jpg
https://www.linkedin.com/pub/caitlin-romig/12/745/9b2?trk=pub-pbmap,https://media.licdn.com/mpr/mpr/shrinknp_400_400/p/4/000/15f/2e9/205be6a.jpg
https://www.linkedin.com/pub/rachel-sessions/8/730/588?trk=pub-pbmap,https://media.licdn.com/mpr/mpr/shrinknp_400_400/p/5/000/1c3/325/222fc75.jpg
https://www.linkedin.com/pub/sumati-prabhakar/37/35b/205?trk=pub-pbmap,https://media.licdn.com/mpr/mpr/shrinknp_400_400/p/7/000/1b7/2ba/3b0871b.jpg
https://www.linkedin.com/pub/bevin-arnason/0/626/896?trk=pub-pbmap,https://media.licdn.com/mpr/mpr/shrinknp_400_400/p/3/005/075/310/0273263.jpg
https://www.linkedin.com/pub/kalpana-behara/6/1ab/72a?trk=pub-pbmap,https://media.licdn.com/mpr/mpr/shrinknp_400_400/p/2/000/068/012/128abd2.jpg
https://www.linkedin.com/pub/daniel-moroz/34/340/b12?trk=pub-pbmap,https://media.licdn.com/mpr/mpr/shrinknp_400_400/p/5/000/25f/38d/03f7fe0.jpg
https://www.linkedin.com/pub/andrew-figpope/3/111/b66?trk=pub-pbmap,https://media.licdn.com/mpr/mpr/shrinknp_400_400/p/7/000/1db/1e0/151b633.jpg
https://www.linkedin.com/pub/aishvarya-vishvesh-singh/28/71b/306?trk=pub-pbmap,https://media.licdn.com/media/p/3/000/209/0f3/34b8aeb.jpg
https://www.linkedin.com/pub/jeff-hines/2/a35/784?trk=pub-pbmap,https://media.licdn.com/mpr/mpr/shrinknp_400_400/AAEAAQAAAAAAAAODAAAAJDU4ZWE0NTY1LWNjNjMtNGJhMC1iNTg4LWRkMmNiMGE5NzYwYg.jpg
https://www.linkedin.com/pub/ekansh-preet-singh/14/86/577?trk=pub-pbmap,https://media.licdn.com/media/p/2/000/2b2/190/197703d.jpg
https://www.linkedin.com/pub/alan-godfrey/1/186/283?trk=pub-pbmap,https://media.licdn.com/mpr/mpr/shrinknp_400_400/p/3/000/28a/0be/17ec264.jpg
https://uk.linkedin.com/pub/tarang-shrivastava/2b/714/34,https://media.licdn.com/mpr/mpr/shrinknp_400_400/p/2/000/11e/3be/3c79610.jpg
https://www.linkedin.com/pub/yaou-wang/3b/508/887?trk=pub-pbmap,https://media.licdn.com/mpr/mpr/shrinknp_400_400/p/3/000/116/19f/267b4cb.jpg
https://www.linkedin.com/pub/crystal-qin/46/664/807?trk=pub-pbmap,https://media.licdn.com/mpr/mpr/shrinknp_400_400/p/6/005/068/395/30beecd.jpg
https://www.linkedin.com/pub/prachie-banthia/37/913/658?trk=pub-pbmap,https://media.licdn.com/mpr/mpr/shrinknp_400_400/p/5/000/1cd/0bd/33b22d0.jpg
https://www.linkedin.com/pub/jim-huang/2/a24/59a?trk=pub-pbmap,https://media.licdn.com/mpr/mpr/shrinknp_400_400/p/1/000/199/0c0/2dad009.jpg
https://www.linkedin.com/in/jasmeet13n,https://media.licdn.com/mpr/mpr/shrinknp_400_400/p/8/005/0b6/1ec/23af9bc.jpg
https://in.linkedin.com/in/anshumansingh26,https://media.licdn.com/media/p/4/000/13d/1e8/31129dd.jpg
https://www.linkedin.com/pub/alexis-mcdermott/91/694/272?trk=pub-pbmap,https://media.licdn.com/mpr/mpr/shrinknp_400_400/AAEAAQAAAAAAAAJfAAAAJGY0NWE0YzQzLWQzNmEtNDZlNS05MWIyLWJiYjM3ZTMwNTE2ZQ.jpg
https://www.linkedin.com/pub/sonal-kumar/23/179/1a8?trk=pub-pbmap,https://media.licdn.com/mpr/mpr/shrinknp_400_400/p/4/000/13b/18c/24cd7a9.jpg
https://www.linkedin.com/pub/matt-curtin/0/81/32b?trk=pub-pbmap,https://media.licdn.com/mpr/mpr/shrinknp_400_400/p/1/000/053/345/0c944e6.jpg
https://www.linkedin.com/pub/aneesh-rai/84/bbb/696?trk=pub-pbmap,https://media.licdn.com/mpr/mpr/shrinknp_400_400/p/4/005/066/2f6/3b4bf08.jpg
https://www.linkedin.com/pub/erica-pocs/23/463/902?trk=pub-pbmap,https://media.licdn.com/mpr/mpr/shrinknp_400_400/AAEAAQAAAAAAAAKSAAAAJDhlNzMwMjlkLTBlOGQtNGJmMy05YjVlLWE2NzkzY2YxMGM0Yw.jpg
https://www.linkedin.com/pub/andrew-hudis/45/87/240?trk=pub-pbmap,https://media.licdn.com/mpr/mpr/shrinknp_400_400/p/1/005/050/2df/1f2d958.jpg
https://www.linkedin.com/pub/arsha-a/a/284/854?trk=pub-pbmap,https://media.licdn.com/media/p/1/000/01b/0eb/1ddb572.jpg
https://www.linkedin.com/pub/joe-rohrlich/2/954/bb0?trk=pub-pbmap,https://media.licdn.com/mpr/mpr/shrinknp_400_400/p/1/000/01b/03b/0d94de1.jpg
https://www.linkedin.com/pub/payal-gupta/31/316/888?trk=pub-pbmap,https://media.licdn.com/mpr/mpr/shrinknp_400_400/p/8/005/06b/161/23b768c.jpg
https://www.linkedin.com/pub/rinky-sharma/20/956/977?trk=pub-pbmap,https://media.licdn.com/media/p/3/000/101/301/16b1eaf.jpg
https://www.linkedin.com/pub/vidushi-bhargava/46/280/b9b?trk=pub-pbmap,https://media.licdn.com/mpr/mpr/shrinknp_400_400/p/1/000/128/374/07633ab.jpg
https://www.linkedin.com/pub/richa-aggarwal/26/168/604?trk=pub-pbmap,https://media.licdn.com/media/p/1/000/220/2e6/3ed2e65.jpg
https://www.linkedin.com/pub/chelsea-dunn/65/315/14?trk=pub-pbmap,https://media.licdn.com/media/p/2/000/21d/0bb/3a51087.jpg
https://www.linkedin.com/pub/shrey-agarwal/20/888/12a?trk=pub-pbmap,https://media.licdn.com/mpr/mpr/shrinknp_400_400/p/3/000/090/19d/199f627.jpg
https://www.linkedin.com/pub/hugo-chadd/53/93/126?trk=pub-pbmap,https://media.licdn.com/media/p/5/000/206/2aa/2507974.jpg
https://www.linkedin.com/pub/david-laplante/7/522/a09?trk=pub-pbmap,https://media.licdn.com/mpr/mpr/shrinknp_400_400/p/4/000/166/255/3145f80.jpg
https://www.linkedin.com/pub/nathan-fraenkel/22/9b9/240?trk=pub-pbmap,https://media.licdn.com/mpr/mpr/shrinknp_400_400/p/2/000/191/32a/2c12cdc.jpg
https://www.linkedin.com/pub/anudeep-reddy-sura/56/780/a97?trk=pub-pbmap,https://media.licdn.com/mpr/mpr/shrinknp_400_400/p/3/005/087/15e/2d04aa6.jpg
https://www.linkedin.com/pub/jeff-gold/4/262/3bb?trk=pub-pbmap,https://media.licdn.com/media/p/3/000/0c7/262/17db1e0.jpg
https://www.linkedin.com/pub/josie-ananto/0/65b/358?trk=pub-pbmap,https://media.licdn.com/mpr/mpr/shrinknp_400_400/p/3/000/06d/048/102f1a4.jpg
https://www.linkedin.com/pub/mark-kole/b/22/129?trk=pub-pbmap,https://media.licdn.com/mpr/mpr/shrinknp_400_400/AAEAAQAAAAAAAAGVAAAAJGUwM2YyYWNkLTRkYzgtNDE5Zi05MjQ5LWZmODdjNGI0ZDVlYg.jpg
https://www.linkedin.com/pub/anshuman-singh/13/940/2b3?trk=pub-pbmap,https://media.licdn.com/media/p/4/000/13d/1e8/31129dd.jpg
https://www.linkedin.com/pub/jason-lucibello/29/26/503?trk=pub-pbmap,https://media.licdn.com/mpr/mpr/shrinknp_400_400/p/6/005/007/2ad/264935e.jpg
https://www.linkedin.com/pub/kirthiga-reddy/1/124/699?trk=pub-pbmap,https://media.licdn.com/mpr/mpr/shrinknp_400_400/p/3/000/065/167/0602327.jpg
https://www.linkedin.com/pub/daniel-ge/45/646/48a?trk=pub-pbmap,https://media.licdn.com/mpr/mpr/shrinknp_400_400/p/7/000/1d4/260/1b39e2b.jpg
https://www.linkedin.com/pub/carrie-griffiths/14/a64/414?trk=pub-pbmap,https://media.licdn.com/mpr/mpr/shrinknp_400_400/p/2/000/0e7/120/1187003.jpg
https://www.linkedin.com/pub/teddy-guenin/39/555/10a?trk=pub-pbmap,https://media.licdn.com/mpr/mpr/shrinknp_400_400/p/3/005/03f/3bb/28efa50.jpg
https://www.linkedin.com/pub/rohit-singh/1b/503/a1a?trk=pub-pbmap,https://media.licdn.com/mpr/mpr/shrinknp_400_400/p/2/000/050/06c/1c38f0e.jpg
https://www.linkedin.com/pub/malea-grubb/7b/5a6/46b?trk=pub-pbmap,https://media.licdn.com/mpr/mpr/shrinknp_400_400/p/1/005/00e/25b/0a6784c.jpg
https://www.linkedin.com/pub/paras-kumar/14/578/4b8?trk=pub-pbmap,https://media.licdn.com/mpr/mpr/shrinknp_400_400/p/4/000/14c/2e7/29471ac.jpg
https://www.linkedin.com/pub/jamie-kelly/16/575/a2a?trk=pub-pbmap,https://media.licdn.com/mpr/mpr/shrinknp_400_400/p/4/005/046/1bc/1fd9c6b.jpg
https://www.linkedin.com/pub/lucille-hua/27/232/862?trk=pub-pbmap,https://media.licdn.com/mpr/mpr/shrinknp_400_400/p/8/005/088/24b/2f3bf30.jpg
https://www.linkedin.com/pub/mika-kohirata/40/aa8/1?trk=pub-pbmap,https://media.licdn.com/media/AAEAAQAAAAAAAAK-AAAAJDU5NjU1ODdiLWFlZTctNDE3NC1hZWY4LTA2NGZhNDcxYTM4Mg.jpg
https://in.linkedin.com/pub/kalpana-behara/6/1ab/72a,https://media.licdn.com/mpr/mpr/shrinknp_400_400/p/2/000/068/012/128abd2.jpg
https://www.linkedin.com/pub/ashutosh-goel/24/119/966?trk=pub-pbmap,https://media.licdn.com/mpr/mpr/shrinknp_400_400/p/1/000/18f/0b5/3b699c1.jpg
https://www.linkedin.com/pub/ashwin-sathya/17/923/930?trk=pub-pbmap,https://media.licdn.com/mpr/mpr/shrinknp_400_400/p/6/005/01f/05f/2c920c0.jpg
https://www.linkedin.com/pub/vignesh-krishnan/35/238/90b?trk=pub-pbmap,https://media.licdn.com/media/p/4/000/169/3f1/142cc8d.jpg
https://www.linkedin.com/pub/andrew-welcome/91/276/b3b?trk=pub-pbmap,https://media.licdn.com/mpr/mpr/shrinknp_400_400/p/8/005/06a/293/3edb697.jpg
https://au.linkedin.com/in/yashdv,https://media.licdn.com/mpr/mpr/shrinknp_400_400/p/5/000/206/33f/1ce30fe.jpg
https://www.linkedin.com/pub/max-scheiber/42/603/506?trk=pub-pbmap,https://media.licdn.com/mpr/mpr/shrinknp_400_400/p/7/005/06d/2b5/04836ca.jpg
https://www.linkedin.com/pub/nitin-iyer/4b/a45/997?trk=pub-pbmap,https://media.licdn.com/mpr/mpr/shrinknp_400_400/p/2/005/093/37a/1e39344.jpg
https://www.linkedin.com/pub/govind-pebbety/1/158/b5b?trk=pub-pbmap,https://media.licdn.com/mpr/mpr/shrinknp_400_400/p/7/005/095/292/1aebe66.jpg
https://www.linkedin.com/pub/albert-le/8/a8/914?trk=pub-pbmap,https://media.licdn.com/mpr/mpr/shrinknp_400_400/p/3/000/12a/17f/3896dae.jpg
https://www.linkedin.com/pub/avirup-chakraborty/23/808/b49?trk=pub-pbmap,https://media.licdn.com/mpr/mpr/shrinknp_400_400/p/6/005/035/109/05eefe6.jpg
https://www.linkedin.com/pub/shyam-bellam/12/110/1b3?trk=pub-pbmap,https://media.licdn.com/mpr/mpr/shrinknp_400_400/p/1/000/058/34c/3ae77b8.jpg
https://www.linkedin.com/pub/apoorv-gupta/58/694/a90?trk=pub-pbmap,https://media.licdn.com/mpr/mpr/shrinknp_400_400/p/2/000/1bd/35a/213479d.jpg
https://www.linkedin.com/pub/amit-kumar/a/973/bb2?trk=pub-pbmap,https://media.licdn.com/mpr/mpr/shrinknp_400_400/p/7/005/0a1/05f/2073486.jpg
https://www.linkedin.com/pub/harshit-pahuja/31/849/549?trk=pub-pbmap,https://media.licdn.com/mpr/mpr/shrinknp_400_400/AAEAAQAAAAAAAANeAAAAJDA0YWY3Y2JmLWMyZDMtNDM1MS1iOWQ0LWJlNTU2N2I4MTA0Yw.jpg
https://www.linkedin.com/pub/amanda-guzman/20/38/a22?trk=pub-pbmap,https://media.licdn.com/mpr/mpr/shrinknp_400_400/p/5/005/00c/15d/31b1d84.jpg
https://www.linkedin.com/pub/vamsi-kavala/6b/239/6aa?trk=pub-pbmap,https://media.licdn.com/mpr/mpr/shrinknp_400_400/p/7/000/244/2c1/09af957.jpg
https://www.linkedin.com/pub/ali-altaf/56/a35/9b1?trk=pub-pbmap,https://media.licdn.com/mpr/mpr/shrinknp_400_400/p/7/000/284/217/2f18205.jpg
https://www.linkedin.com/pub/gaurav-kumar/50/707/686?trk=pub-pbmap,https://media.licdn.com/mpr/mpr/shrinknp_400_400/p/4/000/179/3fb/2427e47.jpg
https://in.linkedin.com/in/payalgpt,https://media.licdn.com/mpr/mpr/shrinknp_400_400/p/8/005/06b/161/23b768c.jpg
https://www.linkedin.com/pub/adarsh-vakkaleri-sateesh/55/76b/55?trk=pub-pbmap,https://media.licdn.com/mpr/mpr/shrinknp_400_400/p/8/005/061/3d6/3790621.jpg
https://www.linkedin.com/pub/rachel-hocevar/4/7b4/8b3?trk=pub-pbmap,https://media.licdn.com/mpr/mpr/shrinknp_400_400/p/6/005/064/0b2/21b2f02.jpg
https://www.linkedin.com/pub/matthew-petrella/50/428/747?trk=pub-pbmap,https://media.licdn.com/mpr/mpr/shrinknp_400_400/p/1/005/068/0f5/048bcaa.jpg
https://www.linkedin.com/pub/anchal-arora/14/964/ba?trk=pub-pbmap,https://media.licdn.com/mpr/mpr/shrinknp_400_400/AAEAAQAAAAAAAAJFAAAAJGEwYWYyMGEyLWM5MjctNDVkZC1iZjc0LTM3Y2Q3YjhiYmE0ZA.jpg
https://www.linkedin.com/pub/zach-hotchkiss/0/206/150?trk=pub-pbmap,https://media.licdn.com/mpr/mpr/shrinknp_400_400/p/4/000/16a/184/1c155de.jpg
https://www.linkedin.com/pub/katie-benton/12/7a2/355?trk=pub-pbmap,https://media.licdn.com/media/p/7/000/24a/1da/2b9d713.jpg
https://www.linkedin.com/pub/boyang-zhang/48/b8b/32b?trk=pub-pbmap,https://media.licdn.com/mpr/mpr/shrinknp_400_400/p/5/000/260/0ba/0710a15.jpg
https://in.linkedin.com/pub/ashudeep-sharma/7/93b/a78,https://media.licdn.com/mpr/mpr/shrinknp_400_400/p/4/000/13f/106/2fa57bf.jpg
https://www.linkedin.com/pub/philip-seger/80/29a/a23?trk=pub-pbmap,https://media.licdn.com/mpr/mpr/shrinknp_400_400/p/1/005/01a/22c/30fa0d8.jpg
https://www.linkedin.com/pub/legarlin-li/45/841/6b5?trk=pub-pbmap,https://media.licdn.com/mpr/mpr/shrinknp_400_400/AAEAAQAAAAAAAAJwAAAAJDYxY2ZiMTI5LWVlNmMtNGZlOS05MjgwLTM4ODg2NGIzMDVmZg.jpg
https://www.linkedin.com/pub/amy-tang/68/4a1/ba6?trk=pub-pbmap,https://media.licdn.com/mpr/mpr/shrinknp_400_400/p/1/005/069/33a/0a03752.jpg
https://www.linkedin.com/pub/shantanu-singh/9/310/729?trk=pub-pbmap,https://media.licdn.com/mpr/mpr/shrinknp_400_400/p/1/000/19c/339/03cc2ef.jpg
https://www.linkedin.com/pub/stephanie-zhan/4b/36/422?trk=pub-pbmap,https://media.licdn.com/mpr/mpr/shrinknp_400_400/p/2/005/00e/1f0/26999b7.jpg
https://www.linkedin.com/pub/brian-aspland/0/a57/881?trk=pub-pbmap,https://media.licdn.com/mpr/mpr/shrinknp_400_400/p/2/000/2b8/341/0a6ac8d.jpg
https://www.linkedin.com/pub/dhruv-maheshwari/49/a5a/100?trk=pub-pbmap,https://media.licdn.com/mpr/mpr/shrinknp_400_400/p/5/005/07e/041/3a5d74a.jpg
https://www.linkedin.com/in/davidlaplante,https://media.licdn.com/mpr/mpr/shrinknp_400_400/p/5/005/07d/2d9/0b51ce1.jpg
https://www.linkedin.com/pub/boris-treskunov/35/8a2/785?trk=pub-pbmap,https://media.licdn.com/mpr/mpr/shrinknp_400_400/p/5/005/07c/367/2a8556a.jpg
https://www.linkedin.com/pub/sam-thompson/99/176/356?trk=pub-pbmap,https://media.licdn.com/mpr/mpr/shrinknp_400_400/AAEAAQAAAAAAAAKbAAAAJGQ2YmU0MDFjLTNjM2YtNDFiMS04MzZjLTkxZjcyYjMzMmY1MA.jpg
https://www.linkedin.com/pub/shashank-a-m/76/714/108?trk=pub-pbmap,https://media.licdn.com/mpr/mpr/shrinknp_400_400/p/7/005/09b/13a/0f3c1f6.jpg
https://www.linkedin.com/pub/akhil-ravidas/7/b57/64a?trk=pub-pbmap,https://media.licdn.com/mpr/mpr/shrinknp_400_400/p/8/005/08d/045/342ce7d.jpg
https://www.linkedin.com/pub/devesh-srivastava/1a/686/10b?trk=pub-pbmap,https://media.licdn.com/mpr/mpr/shrinknp_400_400/p/2/000/07e/2f6/1d8bcfc.jpg
https://www.linkedin.com/in/dalaplante,https://media.licdn.com/mpr/mpr/shrinknp_400_400/p/4/000/166/255/3145f80.jpg
https://www.linkedin.com/in/abhishekkona,https://media.licdn.com/media/p/2/000/01a/328/08a77a4.jpg
https://www.linkedin.com/pub/jessica-gillan/68/97/2a9?trk=pub-pbmap,https://media.licdn.com/mpr/mpr/shrinknp_400_400/p/7/005/011/158/248ae5b.jpg
https://www.linkedin.com/pub/anubhav-maheshwari/14/778/668?trk=pub-pbmap,https://media.licdn.com/media/p/2/005/049/027/22f8e2e.jpg
https://www.linkedin.com/pub/nicholas-pirollo/17/763/576?trk=pub-pbmap,https://media.licdn.com/media/p/3/005/01d/20c/3bdd4eb.jpg
https://www.linkedin.com/pub/teisha-collins/44/5b6/196?trk=pub-pbmap,https://media.licdn.com/mpr/mpr/shrinknp_400_400/p/6/000/245/182/2331139.jpg
https://www.linkedin.com/pub/tarang-shrivastava/2b/714/34?trk=pub-pbmap,https://media.licdn.com/mpr/mpr/shrinknp_400_400/p/2/000/11e/3be/3c79610.jpg
https://www.linkedin.com/pub/kunal-bhalla/7/829/a96?trk=pub-pbmap,https://media.licdn.com/media/p/1/000/040/335/0750fc2.jpg
https://www.linkedin.com/pub/gaurav-agarwal/15/575/58?trk=pub-pbmap,https://media.licdn.com/mpr/mpr/shrinknp_400_400/p/2/005/01f/026/37749e6.jpg
https://www.linkedin.com/pub/janie-gu/7b/311/5b7?trk=pub-pbmap,https://media.licdn.com/mpr/mpr/shrinknp_400_400/p/1/005/05f/07e/18f49c4.jpg
https://www.linkedin.com/pub/renu-sevanthi/3/759/79b?trk=pub-pbmap,https://media.licdn.com/mpr/mpr/shrinknp_400_400/p/1/000/04b/05d/12358d0.jpg
https://www.linkedin.com/pub/aakriti-singla/91/66/942?trk=pub-pbmap,https://media.licdn.com/mpr/mpr/shrinknp_400_400/AAEAAQAAAAAAAAN0AAAAJGIxNzU3ZTMzLTZhOGUtNGM0NC04MDE3LWUxYTk3Y2EyNGRkYw.jpg
https://www.linkedin.com/pub/kartik-a/52/937/746?trk=pub-pbmap,https://media.licdn.com/mpr/mpr/shrinknp_400_400/p/7/005/05d/177/3273226.jpg
https://www.linkedin.com/pub/ashwin-amurthur/56/91b/51?trk=pub-pbmap,https://media.licdn.com/mpr/mpr/shrinknp_400_400/p/4/005/035/169/0797f52.jpg
https://www.linkedin.com/pub/gene-austin/0/781/508?trk=pub-pbmap,https://media.licdn.com/mpr/mpr/shrinknp_400_400/p/3/000/093/37f/250da6e.jpg
https://www.linkedin.com/pub/anusha-fernando/33/b91/745?trk=pub-pbmap,https://media.licdn.com/mpr/mpr/shrinknp_400_400/AAEAAQAAAAAAAALxAAAAJGJmZDk1ZTI0LWI5MmEtNDFiMi05MzE1LWRiMGNkNWJkNmNhMg.jpg
https://www.linkedin.com/pub/anson-hwang/35/566/b67?trk=pub-pbmap,https://media.licdn.com/mpr/mpr/shrinknp_400_400/p/5/000/1fd/332/26bb4cb.jpg
https://www.linkedin.com/pub/roy-reyer/10/ab8/173?trk=pub-pbmap,https://media.licdn.com/mpr/mpr/shrinknp_400_400/p/8/005/08a/3cf/3b93898.jpg
https://www.linkedin.com/pub/jay-pandya/30/653/b5b?trk=pub-pbmap,https://media.licdn.com/mpr/mpr/shrinknp_400_400/p/6/005/09b/02d/0774baa.jpg
https://www.linkedin.com/pub/richa-gupta/7/939/979?trk=pub-pbmap,https://media.licdn.com/mpr/mpr/shrinknp_400_400/p/2/000/1f1/225/149584f.jpg
https://www.linkedin.com/pub/xiaoyan-cheyenne-tan/73/736/71?trk=pub-pbmap,https://media.licdn.com/mpr/mpr/shrinknp_400_400/p/7/005/09e/0d2/2515c03.jpg
https://www.linkedin.com/pub/philip-dunne/0/205/b92?trk=pub-pbmap,https://media.licdn.com/mpr/mpr/shrinknp_400_400/p/3/000/02c/3e3/0961160.jpg
https://www.linkedin.com/pub/talia-goldberg/31/194/a38?trk=pub-pbmap,https://media.licdn.com/mpr/mpr/shrinknp_400_400/p/5/005/016/2bf/3db3409.jpg
https://www.linkedin.com/pub/nathan-tien/23/74b/48a?trk=pub-pbmap,https://media.licdn.com/mpr/mpr/shrinknp_400_400/p/1/005/039/127/011ef57.jpg
https://www.linkedin.com/pub/deep-desai/36/470/800?trk=pub-pbmap,https://media.licdn.com/mpr/mpr/shrinknp_400_400/p/5/005/0a8/1cc/1f28a2c.jpg
https://www.linkedin.com/pub/olivia-derr/1/201/350?trk=pub-pbmap,https://media.licdn.com/mpr/mpr/shrinknp_400_400/p/8/005/040/164/3681c33.jpg
https://www.linkedin.com/pub/dilip-sankhla/3/661/868?trk=pub-pbmap,https://media.licdn.com/mpr/mpr/shrinknp_400_400/p/2/000/0df/130/36a4716.jpg
https://www.linkedin.com/pub/jeff-grimes/1a/81a/84a?trk=pub-pbmap,https://media.licdn.com/mpr/mpr/shrinknp_400_400/p/6/005/062/0a8/00860b4.jpg
https://www.linkedin.com/pub/eduardo-zapata/74/260/b25?trk=pub-pbmap,https://media.licdn.com/media/p/5/005/089/3aa/2bdb768.jpg
https://www.linkedin.com/pub/prasoon-mishra/a/a92/823?trk=pub-pbmap,https://media.licdn.com/mpr/mpr/shrinknp_400_400/p/2/000/24b/234/1abfb55.jpg
https://www.linkedin.com/pub/xiaolei-cong/40/9a5/306?trk=pub-pbmap,https://media.licdn.com/mpr/mpr/shrinknp_400_400/AAEAAQAAAAAAAAOgAAAAJDQ3NWJjZjFjLTFhYTUtNDg0Mi05NWNiLWRmZmI4ZDBkODEwZg.jpg
https://www.linkedin.com/pub/ashudeep-sharma/7/93b/a78?trk=pub-pbmap,https://media.licdn.com/mpr/mpr/shrinknp_400_400/p/4/000/13f/106/2fa57bf.jpg
https://www.linkedin.com/pub/aayush-gupta/7a/b6a/a45?trk=pub-pbmap,https://media.licdn.com/mpr/mpr/shrinknp_400_400/AAEAAQAAAAAAAAHnAAAAJDhhNDQwMGE5LTZmYTMtNGViMC04NzAxLThlOTk4NTMzOWQ4MQ.jpg
https://www.linkedin.com/pub/sophia-chung/42/823/408?trk=pub-pbmap,https://media.licdn.com/mpr/mpr/shrinknp_400_400/p/5/005/06f/377/12c6d41.jpg
https://www.linkedin.com/pub/marc-cannon/5/6a0/546?trk=pub-pbmap,https://media.licdn.com/mpr/mpr/shrinknp_400_400/p/7/000/1ee/294/1277cfc.jpg
https://www.linkedin.com/pub/ishan-srivastava/22/652/aa8?trk=pub-pbmap,https://media.licdn.com/mpr/mpr/shrinknp_400_400/p/4/000/13e/102/241830f.jpg
https://www.linkedin.com/pub/abhijit-pal/b/899/2b5?trk=pub-pbmap,https://media.licdn.com/mpr/mpr/shrinknp_400_400/p/3/000/114/055/23a3e6f.jpg
https://www.linkedin.com/pub/edmund-loo/99/55a/aab?trk=pub-pbmap,https://media.licdn.com/mpr/mpr/shrinknp_400_400/p/8/005/06a/1f3/1905608.jpg
https://www.linkedin.com/in/kristengorbell,https://media.licdn.com/media/p/7/005/040/1e7/1fabc16.jpg
https://www.linkedin.com/in/kellyconnery,https://media.licdn.com/mpr/mpr/shrinknp_400_400/p/3/000/119/244/2506397.jpg
https://www.linkedin.com/in/deepaksharma,https://media.licdn.com/mpr/mpr/shrinknp_400_400/p/3/000/0ae/058/118c73c.jpg
https://www.linkedin.com/pub/anish-dubey/3a/b23/4a1?trk=pub-pbmap,https://media.licdn.com/mpr/mpr/shrinknp_400_400/p/5/005/086/32d/0e0721a.jpg
https://www.linkedin.com/pub/ron-burress/6/32a/185?trk=pub-pbmap,https://media.licdn.com/mpr/mpr/shrinknp_400_400/p/5/005/0a0/232/0d9ad62.jpg
https://www.linkedin.com/pub/gaurav-mittal/25/b63/b17?trk=pub-pbmap,https://media.licdn.com/mpr/mpr/shrinknp_400_400/p/2/000/117/2d3/03cb0e5.jpg
https://www.linkedin.com/pub/yash-kumar/1b/281/585?trk=pub-pbmap,https://media.licdn.com/media/p/4/000/163/355/0e398ff.jpg
https://www.linkedin.com/pub/chaya-raj/55/308/b31?trk=pub-pbmap,https://media.licdn.com/mpr/mpr/shrinknp_400_400/p/4/000/182/278/180f518.jpg
https://www.linkedin.com/pub/josh-cai/59/584/a55?trk=pub-pbmap,https://media.licdn.com/mpr/mpr/shrinknp_400_400/p/8/005/061/2be/17989c7.jpg
https://www.linkedin.com/pub/joseph-erfe/4/888/218?trk=pub-pbmap,https://media.licdn.com/mpr/mpr/shrinknp_400_400/p/1/000/1a4/295/1ba4cb4.jpg